DES_ID,Name,Website
1,APM Employment Services,https://apm.net.au
2,Atwork Australia Pty Ltd,https://www.atwork.com/
3,Campbell Page,https://campbellpage.com.au
4,CVGT Australia Ltd,https://www.cvgt.com.au/
5,DVJS Employment Solutions,https://www.dvjs.com.au
6,ECHO Australia Inc,https://www.echoaustralia.com
7,Jobfind,https://jobfind.com.au/
8,Joblife Employment,https://joblifeemployment.com.au/
9,MatchWorks,https://www.matchworks.com.au/
10,MAX Employment,https://www.maxsolutions.com.au/
11,OCTEC,https://octec.org.au/
12,AimBig Employment,https://www.aimbigemployment.com.au
13,WISE Employment Ltd,https://wiseemployment.com.au/
14,Sarina Russo Job Access,https://www.sarinarusso.com/
15,The Salvation Army Employment Plus,https://www.employmentplus.com.au/
16,Status Employment Services,https://www.status.net.au/
17,Expression Employment,https://employment.expression.com.au/
18,Access Australia Group,https://aag.org.au/
19,Axis Employment,https://www.caei.com.au
20,PeoplePlus,https://www.peopleplusaustralia.com.au/
21,The Personnel Group Ltd,https://personnelgroup.com.au/
22,WDEA Works,https://www.wdeaworks.org.au/
23,Sureway Employment and Training Pty Ltd,https://www.sureway.com.au/
24,CoAct,https://coact.org.au/
25,The Maxima Group Inc,https://maxima.com.au/
26,Uniting (Victoria and Tasmania) Limited,https://www.unitingvictas.org.au/
27,Working Communities Network (Consortium),https://wcig.org.au/
28,Sign For Work,https://www.signforwork.org.au/
